insert into pessoa (CODIGO_PESSOA,NOME_COMPLETO,DATA_NASCIMENTO,EMAIL, TELEFONE,CEP,NUMERO,COMPLEMENTO, DATA_INCLUSAO) values(1,'Vicente Benjamin Bryan da Rosa'	,'1988-11-01','carloscalebmonteiro_@gvmail.br'			,'(61) 2744-6935','73753-074',30,'Quadra 5 MC','2020-11-01');
insert into pessoa (CODIGO_PESSOA,NOME_COMPLETO,DATA_NASCIMENTO,EMAIL, TELEFONE,CEP,NUMERO,COMPLEMENTO, DATA_INCLUSAO) values(2,'Raul Bruno da Luz'				,'1988-11-01','rrebecaauroranunes@vanguarda.tv'			,'(61) 2744-6935','73753-074',30,'Quadra 5 MC','2020-11-01');
insert into pessoa (CODIGO_PESSOA,NOME_COMPLETO,DATA_NASCIMENTO,EMAIL, TELEFONE,CEP,NUMERO,COMPLEMENTO, DATA_INCLUSAO) values(3,'Vicente Luiz Bernardes'			,'1988-11-01','sseverinoyuriteixeira@rodomen.com.br'	,'(61) 2744-6935','73753-074',30,'Quadra 5 MC','2020-11-01');
insert into pessoa (CODIGO_PESSOA,NOME_COMPLETO,DATA_NASCIMENTO,EMAIL, TELEFONE,CEP,NUMERO,COMPLEMENTO, DATA_INCLUSAO) values(4,'Luiza Sebastiana da Costa'		,'1988-11-01','llaiscarolinapinto@salvagninigroup.com'	,'(61) 2744-6935','73753-074',30,'Quadra 5 MC','2020-11-01');
insert into pessoa (CODIGO_PESSOA,NOME_COMPLETO,DATA_NASCIMENTO,EMAIL, TELEFONE,CEP,NUMERO,COMPLEMENTO, DATA_INCLUSAO) values(5,'Carlos Caleb Monteiro'			,'1988-11-01','claudiopaulomoreira@alphacandies.com.br'	,'(61) 2744-6935','73753-074',30,'Quadra 5 MC','2020-11-01');

insert into plano_acao (CODIGO_PLANO_ACAO, TIPO_PLANO_ACAO, DESCRICAO, GRAU_RISCO, MENSAGEM_ALERTA, DATA_INCLUSAO) values(1,0,'DESCRICAO 1',0,'MENSAGEM_ALERTA 1','2020-11-01');
insert into plano_acao (CODIGO_PLANO_ACAO, TIPO_PLANO_ACAO, DESCRICAO, GRAU_RISCO, MENSAGEM_ALERTA, DATA_INCLUSAO) values(2,1,'DESCRICAO 2',1,'MENSAGEM_ALERTA 1','2020-11-01');
insert into plano_acao (CODIGO_PLANO_ACAO, TIPO_PLANO_ACAO, DESCRICAO, GRAU_RISCO, MENSAGEM_ALERTA, DATA_INCLUSAO) values(3,2,'DESCRICAO 3',2,'MENSAGEM_ALERTA 1','2020-11-01');
insert into plano_acao (CODIGO_PLANO_ACAO, TIPO_PLANO_ACAO, DESCRICAO, GRAU_RISCO, MENSAGEM_ALERTA, DATA_INCLUSAO) values(4,0,'DESCRICAO 4',0,'MENSAGEM_ALERTA 1','2020-11-01');
insert into plano_acao (CODIGO_PLANO_ACAO, TIPO_PLANO_ACAO, DESCRICAO, GRAU_RISCO, MENSAGEM_ALERTA, DATA_INCLUSAO) values(5,1,'DESCRICAO 5',1,'MENSAGEM_ALERTA 1','2020-11-01');



insert into acao (CODIGO_ACAO,CODIGO_BARRAGEM,CODIGO_PLANO_ACAO,DATA_INCLUSAO) values(1,1,1,'2020-11-01');
insert into acao (CODIGO_ACAO,CODIGO_BARRAGEM,CODIGO_PLANO_ACAO,DATA_INCLUSAO) values(2,2,2,'2020-11-01');
insert into acao (CODIGO_ACAO,CODIGO_BARRAGEM,CODIGO_PLANO_ACAO,DATA_INCLUSAO) values(3,3,3,'2020-11-01');
insert into acao (CODIGO_ACAO,CODIGO_BARRAGEM,CODIGO_PLANO_ACAO,DATA_INCLUSAO) values(4,4,4,'2020-11-01');
insert into acao (CODIGO_ACAO,CODIGO_BARRAGEM,CODIGO_PLANO_ACAO,DATA_INCLUSAO) values(5,5,5,'2020-11-01');
